Subject,Body,Category
"Meeting Reminder","Don't forget about the team meeting scheduled for tomorrow at 10 AM in the conference room.","Reminder"
"Appointment Reminder","This is a reminder for your appointment with Dr. Smith on June 10th at 10 AM. Please arrive 15 minutes early.","Reminder"
"Project Deadline Reminder","Just a reminder that the project deadline is approaching. Please ensure all deliverables are submitted by Friday.","Reminder"
"Submission Reminder","Please submit your quarterly reports by the end of the day today.","Reminder"
"Bill Payment Reminder","This is a friendly reminder that your bill payment is due tomorrow. Please ensure the payment is made to avoid any late fees.","Reminder"
"Event Reminder","Don't forget about the annual company picnic this Saturday. We look forward to seeing you there!","Reminder"
"Training Session Reminder","This is a reminder for the training session on the new software implementation scheduled for tomorrow at 2 PM.","Reminder"
"Subscription Renewal Reminder","Your subscription is due for renewal on June 30th. Please review the details and proceed with the payment.","Reminder"
"Interview Reminder","This is a reminder for your interview scheduled for tomorrow at 11 AM. Please bring all necessary documents.","Reminder"
"Task Reminder","Please remember to complete your assigned tasks by the end of the week.","Reminder"
"Conference Call Reminder","Don't forget about the conference call with the client scheduled for 3 PM today.","Reminder"
"Performance Review Reminder","Your annual performance review meeting is scheduled for next Monday at 10 AM.","Reminder"
"Deadline Reminder","This is a reminder that the application deadline for the new project is next Friday.","Reminder"
"Holiday Reminder","Just a reminder that the office will be closed next Monday for the public holiday.","Reminder"
"Feedback Reminder","Please remember to complete the feedback survey by the end of the week.","Reminder"
"RSVP Reminder","Don't forget to RSVP for the upcoming event by this Friday.","Reminder"
"Health Checkup Reminder","This is a reminder for your health checkup appointment scheduled for next Tuesday at 9 AM.","Reminder"
"Document Submission Reminder","Please submit the required documents by the end of the day tomorrow.","Reminder"
"Maintenance Reminder","A reminder that the system maintenance is scheduled for this Saturday from 1 AM to 3 AM.","Reminder"
"Policy Review Reminder","Please review the updated policy documents by the end of the week.","Reminder"
"Special Discount Just for You!","We are offering an exclusive 30% discount on all our products for the next 24 hours. Don't miss out!","Promotion"
"Limited Time Offer","Get a 50% discount on selected items for this weekend only. Shop now and save big!","Promotion"
"Summer Sale Starts Now!","Our summer sale is live with up to 70% off on selected products. Hurry, while stocks last!","Promotion"
"New Year, New Deals","Start the new year with amazing deals! Enjoy up to 40% off site-wide.","Promotion"
"Black Friday Blowout","Unbeatable Black Friday deals with discounts up to 80%. Don't miss out on these incredible savings!","Promotion"
"Cyber Monday Specials","Cyber Monday is here with exclusive online deals and discounts up to 60%. Shop now!","Promotion"
"Holiday Savings Event","Enjoy our holiday savings event with 25% off all items. Perfect for your gift shopping!","Promotion"
"Exclusive Member Discount","As a valued member, enjoy an additional 20% off your next purchase with code MEMBER20.","Promotion"
"Flash Sale Alert","Flash sale! Get 30% off on all electronics for the next 6 hours. Shop now!","Promotion"
"End of Season Clearance","Take advantage of our end of season clearance with discounts up to 70% on all items.","Promotion"
"Buy One, Get One Free","Limited time offer: Buy one, get one free on selected items. Don't miss this deal!","Promotion"
"Welcome Offer","Welcome! Enjoy 15% off your first purchase with us. Use code WELCOME15 at checkout.","Promotion"
"Weekend Sale","This weekend only, enjoy 20% off store-wide. Shop your favorites now!","Promotion"
"Anniversary Sale","Celebrate our anniversary with us and get 25% off all purchases. Thank you for your support!","Promotion"
"Customer Appreciation Sale","As a thank you, we're giving you 30% off your next order. Use code THANKYOU at checkout.","Promotion"
"Mid-Year Sale","Don't miss our mid-year sale with discounts up to 50% on all items. Shop now!","Promotion"
"Back to School Sale","Get ready for the new school year with our back to school sale. Up to 40% off on all essentials.","Promotion"
"Spring Clearance Event","Spring clearance event: Up to 60% off on all seasonal items. Limited time only!","Promotion"
"Exclusive Online Offer","Shop online and get an exclusive 20% discount on your order. Use code ONLINE20 at checkout.","Promotion"
"VIP Sale Event","VIPs only! Enjoy early access to our sale with discounts up to 50%. Shop now and save!","Promotion"
"Project Status Update","The development team has completed the first milestone of the project. We are on track to meet the deadline.","Update"
"Software Update Available","A new update for our software is now available. Please download and install the latest version.","Update"
"Policy Update","We have updated our privacy policy. Please review the changes on our website to stay informed about how we handle your data.","Update"
"Account Update Notification","Your account information has been successfully updated. Please review your account details.","Update"
"Service Update","Our service will undergo scheduled maintenance tonight from 12 AM to 2 AM. We apologize for any inconvenience.","Update"
"Feature Update","We have added new features to our platform to enhance your experience. Check out the details in the attached document.","Update"
"System Update","The system update has been completed successfully. All services are now operational.","Update"
"Team Update","We are pleased to announce that John Doe has joined our team as the new Marketing Manager.","Update"
"Security Update","A new security update has been released. Please update your systems to ensure continued protection.","Update"
"Website Update","We have redesigned our website to improve user experience. Explore the new features and layout!","Update"
"Billing Update","Your billing information has been updated successfully. Please review your account for details.","Update"
"Event Update","The venue for the upcoming conference has been changed. Please check the new location details.","Update"
"Schedule Update","The meeting schedule has been updated. Please review the new timings and adjust your plans accordingly.","Update"
"Shipment Update","Your order has been shipped and is on its way. Track your shipment with the tracking number provided.","Update"
"Employee Update","We are excited to welcome new employees to our team. Meet them at the upcoming team meeting.","Update"
"Application Update","Your application status has been updated. Please log in to your account to see the latest status.","Update"
"Subscription Update","Your subscription has been successfully renewed. Thank you for continuing with us.","Update"
"Performance Update","The performance review period is over. Check your performance summary in your account.","Update"
"Regulatory Update","New regulations have been implemented. Please review the attached document to stay compliant.","Update"
"Product Update","Our latest product update includes several improvements and bug fixes. Download the update now!","Update"
"Invoice Attached","Please find the attached invoice for the recent services provided. The due date for payment is next Friday.","Invoice"
"Monthly Invoice","Attached is your monthly invoice for the services provided in the past month. Please process the payment accordingly.","Invoice"
"Invoice Notification","A new invoice has been generated for your account. Please review the attached invoice document.","Invoice"
"Final Invoice","This is the final invoice for the project. Please review the charges and make the payment by the due date.","Invoice"
"Pending Invoice","You have a pending invoice from last month. Please ensure that it is settled as soon as possible.","Invoice"
"Invoice Reminder","This is a reminder that your invoice is due for payment in 7 days. Please check the attached invoice.","Invoice"
"Correction on Invoice","Please note that there has been a correction made to the previous invoice. The updated invoice is attached.","Invoice"
"Duplicate Invoice","It appears that there was a duplication error with the previous invoice. Please find the corrected invoice attached.","Invoice"
"Invoice Update","We have updated the billing details on your invoice. Please review the changes in the attached document.","Invoice"
"Urgent Invoice Payment","This is an urgent notice regarding your overdue invoice. Immediate payment is required to avoid service interruption.","Invoice"
"Invoice Payment Confirmation","We have received your payment for the attached invoice. Thank you for your prompt response.","Invoice"
"Annual Service Invoice","Attached is your annual service invoice. Please review and proceed with the payment at your earliest convenience.","Invoice"
"Revised Invoice","Attached is the revised invoice reflecting the adjustments made. Please review and settle the balance.","Invoice"
"Invoice Due Soon","Your upcoming invoice is due soon. Please check the attached document for payment instructions.","Invoice"
"Invoice Dispute","We have noted your concerns regarding the attached invoice. Please contact our billing department to discuss further.","Invoice"
"Detailed Invoice","The detailed invoice for your recent purchases/services is attached. Please review and process the payment.","Invoice"
"Invoice Query","If you have any questions regarding the attached invoice, please do not hesitate to contact us for clarification.","Invoice"
"Invoice Processing Delay","Due to unforeseen circumstances, there has been a delay in processing your invoice. We will update you once processed.","Invoice"
"Bulk Invoice Summary","Attached is a summary of all invoices processed for bulk transactions this month. Please review the attached document.","Invoice"
"Corrective Invoice","This invoice has been issued to correct the discrepancies found in the previous invoice. Please refer to the attached details.","Invoice"
"Subscription Renewal Notice","Your annual subscription is due for renewal on June 30th. Please review the details and proceed with the payment.","Subscription"
"Subscription Confirmation","Thank you for subscribing to our service. Your subscription has been activated successfully.","Subscription"
"Subscription Expiry Warning","Your subscription will expire in 7 days. Please renew to continue enjoying uninterrupted service.","Subscription"
"Trial Period Ending","Your free trial period will end soon. Consider subscribing to continue accessing premium features.","Subscription"
"Subscription Payment Due","This is a reminder that your subscription payment is due soon. Please process the payment to avoid disruption.","Subscription"
"Subscription Confirmation Email","We have confirmed your subscription to our premium plan. Enjoy the enhanced features!","Subscription"
"Annual Subscription Invoice","Attached is your invoice for the annual subscription. Please review and complete the payment by the due date.","Subscription"
"Subscription Cancellation Confirmation","Your subscription has been canceled as per your request. We hope to serve you again in the future.","Subscription"
"Subscription Upgrade Available","Great news! You are eligible for an upgrade to our premium subscription plan. Enjoy additional benefits.","Subscription"
"Subscription Feedback Request","We value your feedback on your subscription experience. Please take a moment to complete our survey.","Subscription"
"Payment Successful","Thank you for renewing your subscription. Your payment has been successfully processed.","Subscription"
"Subscription Downgrade Confirmation","Your subscription has been downgraded as requested. Please review the changes in your account settings.","Subscription"
"Discount on Subscription Renewal","Renew your subscription now and receive a 10% discount. Use promo code RENEW10 at checkout.","Subscription"
"Subscription Renewal Reminder","Reminder: Your subscription will expire soon. Please renew to continue enjoying our services.","Subscription"
"Subscription Reactivation Offer","We miss you! Reactivate your subscription with a 15% discount using code REACTIVATE15.","Subscription"
"Subscription Terms Update","Please review the updated terms and conditions for your subscription. Changes are effective immediately.","Subscription"
"Billing Issue with Subscription","We encountered an issue processing your subscription payment. Please update your billing information.","Subscription"
"New Subscription Feature","Explore our new subscription feature designed to enhance your experience. Learn more on our website.","Subscription"
"Subscription Anniversary Offer","Celebrate your subscription anniversary with a special offer! Enjoy 20% off your next renewal.","Subscription"
"Early Renewal Incentive","Renew your subscription early and receive an exclusive gift. Details in the attached email.","Subscription"
"Action Required: Account Verification","We noticed unusual activity on your account. Please verify your identity by clicking on the link below to secure your account.","Urgent"
"Immediate Attention Needed","There is a critical update required for your system. Please apply the update immediately to avoid potential security risks.","Urgent"
"Urgent: Security Breach Detected","We have detected a security breach in your account. Please log in immediately and secure your account.","Urgent"
"Time-Sensitive: Update Required","A time-sensitive update for your software is available. Please download and install the update to maintain security.","Urgent"
"Critical: Service Interruption","Our service is experiencing an unexpected interruption. Our team is working to resolve this issue as quickly as possible.","Urgent"
"Action Required: Payment Overdue","Your recent payment is overdue. Immediate payment is required to avoid further actions.","Urgent"
"Urgent: Data Backup Needed","Please back up your data immediately to avoid potential data loss. Contact support for assistance if needed.","Urgent"
"Immediate Response Required","We need your immediate response regarding your recent transaction. Please contact customer service without delay.","Urgent"
"Urgent: Account Recovery","Please contact our support team immediately to recover your account access. Do not delay, as your account security is at risk.","Urgent"
"Critical Update: Compliance Alert","A critical compliance update has been issued. Please review the attached document and implement the changes as soon as possible.","Urgent"
"Urgent: Network Security Issue","There is a security issue with your network. Please apply the necessary patches and contact IT support immediately.","Urgent"
"Immediate Action Needed: System Alert","Your system has triggered an alert. Immediate action is required to address the potential issue.","Urgent"
"Urgent: Hardware Malfunction","We have detected a malfunction in your hardware. Please contact support for immediate assistance.","Urgent"
"Time-Sensitive Compliance Issue","A time-sensitive compliance issue has arisen. Please address this matter immediately to avoid penalties.","Urgent"
"Urgent: Account Suspension Warning","Your account will be suspended soon due to inactivity. Please log in and confirm your account details.","Urgent"
"Immediate Attention Required: Policy Update","Please review the urgent policy updates that have been implemented. Compliance is mandatory.","Urgent"
"Critical Notification: Data Integrity","A data integrity issue has been detected. Please verify and secure your data immediately.","Urgent"
"Urgent: Software Vulnerability Found","A software vulnerability has been identified. Please apply the security patch immediately to secure your system.","Urgent"
"Urgent: Customer Support Needed","Please contact customer support immediately regarding your recent service issue. Your prompt response is needed.","Urgent"
"Team Outing","We are planning a team outing next weekend. Please RSVP by this Friday and let us know if you have any dietary restrictions.","Event"
"Annual Conference","Join us at the annual conference next month. Register early to secure your spot and enjoy early bird pricing.","Event"
"Webinar Invitation","You are invited to our upcoming webinar on digital transformation. Please register in advance to attend.","Event"
"Product Launch Event","Join us for the launch of our new product next Thursday at 10 AM. RSVP required.","Event"
"Charity Gala","You are invited to our charity gala to support local communities. Please purchase your tickets early.","Event"
"Company Picnic","Don't miss our company picnic this Saturday at Riverside Park. Bring your family for a day of fun and games!","Event"
"Training Workshop","Sign up for our training workshop on customer service excellence. Limited seats available, register now!","Event"
"Holiday Party","Our annual holiday party will be held on December 15th. Please RSVP by December 1st.","Event"
"Networking Event","Join us for a networking event with industry professionals next week. Space is limited, so please register early.","Event"
"Annual General Meeting","The annual general meeting will be held on June 25th. We encourage all shareholders to attend.","Event"
"Employee Recognition Ceremony","We are excited to invite you to the employee recognition ceremony next Friday. Let's celebrate our team's achievements!","Event"
"Opening Ceremony","The opening ceremony for our new office will be on July 5th. Join us to celebrate this milestone.","Event"
"Sports Day","Join us for the company sports day at Central Park. Teams will compete in various sports events. Register your team now!","Event"
"Art Exhibition","You're invited to our annual art exhibition. Come and view works by local artists this weekend.","Event"
"Customer Appreciation Event","We value our customers and would like to invite you to our customer appreciation event. RSVP today!","Event"
"Seminar on Industry Trends","Attend our seminar on the latest industry trends and innovations. Book your spot now as seats are filling up fast.","Event"
"Workshop on Leadership Skills","Enhance your leadership skills at our upcoming workshop. Seats are limited, so register early.","Event"
"Product Demonstration","Join us for a live demonstration of our new product features next Tuesday. RSVP to secure your attendance.","Event"
"Community Volunteer Day","Participate in our community volunteer day. It's a great opportunity to give back and meet your colleagues.","Event"
"Festival of Lights","Celebrate the Festival of Lights with us at our annual event. Enjoy cultural performances and festive treats.","Event"
"Password Reset Request","We received a request to reset your password. If this was you, please click the link below to create a new password.","Security"
"Account Security Alert","There has been a login attempt to your account from an unrecognized device. Please review your account security settings.","Security"
"Two-Factor Authentication Enabled","Two-factor authentication has been successfully enabled for your account. This adds an extra layer of security.","Security"
"Suspicious Activity Detected","Suspicious activity has been detected on your account. Please review your recent transactions and secure your account immediately.","Security"
"Security Update Available","A security update for our application is now available. Please update your software to protect against vulnerabilities.","Security"
"Immediate Action Required: Phishing Alert","We have identified a potential phishing attempt using your account information. Please reset your passwords immediately.","Security"
"Account Lockout Warning","For your security, your account has been temporarily locked due to multiple failed login attempts. Please contact support to regain access.","Security"
"Security Best Practices","Please review our security best practices to help protect your account from unauthorized access.","Security"
"Data Breach Notification","We are notifying you of a data breach that may have affected your account information. Please review the details and take necessary actions.","Security"
"Security Check Required","We recommend performing a security checkup of your account to ensure all settings are secure.","Security"
"Software Security Patch Available","An important security patch is available for your software. Please install it to protect against potential threats.","Security"
"Firewall Configuration Alert","Please review your firewall settings to ensure they are properly configured to protect your network.","Security"
"Encryption Upgrade Notice","We are upgrading encryption protocols to enhance security. Please update your system to comply with new standards.","Security"
"Account Verification Required","To maintain account security, please verify your account information by following the instructions provided.","Security"
"Unauthorized Access Attempt","An unauthorized attempt to access your account has been detected. Please review your account activity and secure your information.","Security"
"Security Compliance Update","We have updated our security policies to align with the latest compliance standards. Please review the changes.","Security"
"Backup Your Data","Please back up your data to prevent loss in the event of a security breach or system failure.","Security"
"Malware Alert","Our system has detected malware on your computer. Please run a security scan and remove any threats found.","Security"
"End-of-Life Security Notice","Support for your current security protocol will end soon. Please upgrade to the latest version for continued security.","Security"
"Security Training Session","Join our upcoming security training session to learn best practices for protecting your personal and company information.","Security"
"Upcoming Training Session","We are hosting a training session on advanced Excel techniques next Wednesday at 3 PM. Please register to attend.","Training"
"Mandatory Compliance Training","All employees are required to complete the compliance training by the end of this month. Please log in to the training portal to start.","Training"
"Leadership Development Program","Join our leadership development program starting next month. Enhance your leadership skills with expert trainers.","Training"
"Customer Service Excellence Workshop","We invite you to our customer service excellence workshop. Learn strategies to improve customer interactions and satisfaction.","Training"
"Technical Skills Enhancement","A new technical skills training module is available online. Please complete the training to stay updated with the latest industry standards.","Training"
"Time Management Seminar","Attend our seminar on effective time management techniques to improve productivity and work-life balance.","Training"
"Conflict Resolution Training","This training session will cover conflict resolution strategies. It is essential for managers and team leads.","Training"
"Remote Work Best Practices","Join us for a training session on remote work best practices and tools to enhance productivity while working from home.","Training"
"New Software Training","A training session on the new software tool will be held next Monday. Please ensure you attend to learn the new features.","Training"
"Data Security Training","As part of our commitment to data security, we are offering training sessions on secure data handling practices.","Training"
"Sales Techniques Workshop","We are offering a workshop on modern sales techniques. This session will focus on strategies to increase sales effectiveness.","Training"
"Project Management Training","Join our project management training to learn the latest tools and techniques in managing successful projects.","Training"
"Email Communication Skills","Improve your email communication skills in our upcoming training session. Learn how to write clear and effective emails.","Training"
"Financial Acumen Training","We are providing a training session on financial acumen, focusing on understanding financial statements and metrics.","Training"
"Product Knowledge Training","This training session will provide in-depth knowledge about our products. It is crucial for the sales and support teams.","Training"
"Public Speaking Course","Enroll in our public speaking course to enhance your presentation skills and confidence in front of an audience.","Training"
"Time Tracking Tools Training","Learn how to efficiently use time tracking tools in our upcoming training session. This will help in project tracking and management.","Training"
"Health and Safety Training","Our health and safety training is designed to educate employees about workplace safety protocols and procedures.","Training"
"Team Building Activities","Participate in our team building activities designed to strengthen team collaboration and communication skills.","Training"
"Soft Skills Development","We are offering training on soft skills such as emotional intelligence, leadership, and interpersonal communication.","Training"
"Good Morning!","Good morning! Wishing you a productive and successful day ahead.","Greeting"
"Happy Monday!","Happy Monday! Let's start the week with energy and enthusiasm. Have a great day!","Greeting"
"Hello and Welcome!","Hello and welcome! We're thrilled to have you with us. Looking forward to achieving great things together.","Greeting"
"Season's Greetings","Season's Greetings! Wishing you a joyful holiday season filled with peace and happiness.","Greeting"
"Happy New Year!","Happy New Year! May the coming year bring you happiness, success, and good health.","Greeting"
"Good Afternoon","Good afternoon! I hope your day is going well. Let’s accomplish great things this afternoon.","Greeting"
"Welcome Aboard!","Welcome aboard! We're excited to have you join our team. Let's make great things happen together.","Greeting"
"Hello!","Hello! Just wanted to check in and see how you're doing. Have a wonderful day!","Greeting"
"Happy Holidays!","Happy Holidays! Enjoy this festive season with your loved ones.","Greeting"
"Greetings!","Greetings! I hope this message finds you well. Wishing you all the best in your endeavors.","Greeting"
"Good Evening","Good evening! I hope you had a productive day. Looking forward to tomorrow's opportunities.","Greeting"
"Congratulations!","Congratulations on your recent achievements! We're proud to have you on our team.","Greeting"
"Warm Greetings","Warm greetings to you! I hope you are having a fantastic day.","Greeting"
"Best Wishes","Best wishes for a successful day ahead. Let's make the most of it!","Greeting"
"Cheers!","Cheers to a new day and new opportunities. Let's get started!","Greeting"
"Hello There!","Hello there! Just a friendly check-in to see how everything is going.","Greeting"
"Good Night","Good night! Wishing you a restful and peaceful sleep.","Greeting"
"Happy Friday!","Happy Friday! The weekend is almost here. Let's finish the week strong.","Greeting"
"Thank You","Thank you for your hard work and dedication. Your efforts are greatly appreciated.","Greeting"
"Account Activity Alert","You have received a notification of activity on your account. Please review your recent account activity to ensure all is in order.","Notification"
"System Update Notification","A system update is scheduled for tonight at 11 PM. Please save your work and log off before the update begins.","Notification"
"New Message Notification","You have received a new message. Please check your inbox for the latest updates.","Notification"
"Event Reminder","This is a reminder for the upcoming event scheduled for tomorrow at 10 AM. Please mark your calendar.","Notification"
"Subscription Renewal Reminder","Your subscription is due for renewal soon. Please review your subscription details and proceed with the payment.","Notification"
"Security Alert","We have detected an unusual login attempt on your account. Please secure your account immediately by resetting your password.","Notification"
"Software License Expiry","Your software license will expire in 7 days. Please renew your license to continue using the software without interruption.","Notification"
"Meeting Invitation","You have been invited to a meeting. Please confirm your attendance by replying to this invitation.","Notification"
"Billing Statement Available","Your billing statement for the past month is now available. Please review the details in your account.","Notification"
"Appointment Reminder","This is a reminder of your upcoming appointment on June 12th at 2 PM. Please be on time.","Notification"
"Payment Due","A payment of $150 is due for your account. Please ensure the payment is made by the due date to avoid late fees.","Notification"
"Password Expiry Warning","Your password will expire in 3 days. Please update your password to maintain account security.","Notification"
"Document Submission Confirmation","Your document has been successfully submitted. Thank you for your prompt action.","Notification"
"Event Cancellation Notice","Please note that the event scheduled for tomorrow has been cancelled. We apologize for any inconvenience caused.","Notification"
"Account Suspension Warning","Your account will be suspended in 24 hours due to inactivity. Please log in to keep your account active.","Notification"
"Payment Confirmation","Your payment has been successfully processed. Thank you for your prompt payment.","Notification"
"Network Maintenance Alert","Scheduled network maintenance is planned for this weekend from 2 AM to 4 AM. Expect intermittent service interruptions.","Notification"
"New Feature Announcement","We are excited to announce a new feature available in your account. Check the updates section for more details.","Notification"
"Password Change Confirmation","Your password has been successfully changed. If you did not initiate this change, please contact support immediately.","Notification"
"Profile Update Confirmation","Your profile has been successfully updated. Please review the changes to ensure all information is accurate.","Notification"
"Job Opening: Marketing Manager","We are looking for a Marketing Manager to join our team. Please submit your application by May 31st. More details can be found in the attached job description.","Recruitment"
"Join Our Development Team","We are hiring for multiple positions in our development team. Apply now to be part of our innovative projects.","Recruitment"
"Open Positions at Our Company","Explore the career opportunities at our company. We are currently hiring for several positions across various departments.","Recruitment"
"Application Deadline Approaching","Reminder: The application deadline for the Product Manager position is approaching on June 15th. Don't miss your chance to apply!","Recruitment"
"Interview Scheduled","Your interview has been scheduled for the Marketing Analyst position. Please confirm your availability by replying to this email.","Recruitment"
"Thank You for Your Application","Thank you for applying for the Sales Executive position. We will review your application and get back to you soon.","Recruitment"
"Recruitment Open Day","We invite you to our recruitment open day on July 5th. Meet our team and learn more about our company culture.","Recruitment"
"Offer of Employment","Congratulations! We are pleased to offer you the position of Junior Developer. Please find the attached offer letter for details.","Recruitment"
"Recruitment Update","We are currently processing applications for the Customer Support Representative position. You will be notified about the status of your application soon.","Recruitment"
"New Job Posting: Data Scientist","We have a new opening for a Data Scientist. Apply now to join our analytics team and work on cutting-edge projects.","Recruitment"
"Career Advancement Opportunity","We are excited to announce career advancement opportunities within our company. Explore roles that align with your career goals.","Recruitment"
"Reminder: Interview Preparation","This is a reminder to prepare for your upcoming interview for the Financial Analyst position. Please review the job description and company background.","Recruitment"
"Recruitment Policy Update","We have updated our recruitment policies. Please review the attached document to stay informed about the new procedures.","Recruitment"
"Recruitment Success Stories","Read about the success stories from our recent hires in the attached document. Get inspired by their journeys.","Recruitment"
"Campus Recruitment Drive","We will be conducting a campus recruitment drive at XYZ University. Students interested in internships or full-time roles should attend.","Recruitment"
"Join Our Talent Pool","Join our talent pool to be notified of future job openings that match your skills and interests.","Recruitment"
"Recruitment FAQs","Check out our recruitment FAQs attached to answer common questions about our hiring process and job roles.","Recruitment"
"Application Acknowledgment","We have received your application for the Product Designer position. Thank you for your interest in joining our team.","Recruitment"
"Upcoming Job Fair","We will be attending the upcoming job fair at ABC Conference Center. Visit our booth to learn about career opportunities.","Recruitment"
"Your Application Status Update","Your application for the IT Support Specialist position is under review. We will update you on the next steps soon.","Recruitment"
"Updated Privacy Policy","We have updated our privacy policy to comply with the latest regulations. Please review the changes at your earliest convenience.","Policy"
"New Health and Safety Policy","A new health and safety policy has been implemented. Please review the attached document to understand the new guidelines.","Policy"
"Changes to Employee Benefits","Please note the recent changes to employee benefits in our updated policy. Details are attached for your reference.","Policy"
"Code of Conduct Update","We have made updates to our code of conduct. Please review the attached document to familiarize yourself with the new standards.","Policy"
"Environmental Policy Revision","Our environmental policy has been revised to include new sustainability goals. Please read the updated policy in the attachment.","Policy"
"Compliance Requirements Update","Please review the updated compliance requirements outlined in our new policy document. Compliance is mandatory.","Policy"
"New IT Security Policy","Our IT security policy has been updated to enhance data protection measures. Please review the new guidelines.","Policy"
"Work-from-Home Policy Update","The work-from-home policy has been updated to reflect new practices and guidelines. Please review the attached document.","Policy"
"Data Protection Policy Changes","Significant changes have been made to our data protection policy. Please familiarize yourself with the updated procedures.","Policy"
"Anti-Harassment Policy Update","Our anti-harassment policy has been updated to ensure a safe and respectful workplace. Please review the changes.","Policy"
"Equal Opportunity Employment Policy","We have updated our equal opportunity employment policy. Please review the attached document to understand our commitment to diversity and inclusion.","Policy"
"Remote Work Guidelines","New guidelines for remote work have been implemented. Please review these to ensure compliance and best practices.","Policy"
"Employee Privacy Rights Policy","Our employee privacy rights policy has been updated. Please read through the changes to understand your rights and company practices.","Policy"
"Revised Leave Policy","Please review the revised leave policy, which now includes additional leave options and updated procedures.","Policy"
"Policy on Use of Company Assets","We have updated the policy regarding the use of company assets. Please review the guidelines to ensure proper use.","Policy"
"Travel Policy Update","Our travel policy has been updated to reflect new safety protocols and reimbursement procedures. Please review the attached document.","Policy"
"Financial Policies Update","The financial policies have been updated. Please review the changes to ensure compliance with the new guidelines.","Policy"
"Substance Abuse Policy Update","Please review the updated substance abuse policy. This policy is important for maintaining a safe and productive workplace.","Policy"
"Emergency Procedures Policy Update","We have updated the emergency procedures policy. Please familiarize yourself with the new emergency protocols.","Policy"
"Policy on Social Media Use","Our policy on social media use has been updated. Please review the guidelines to understand acceptable use.","Policy"
"New Office Location Announced","We are excited to announce the opening of our new office location at 123 Business Blvd. Please update your records accordingly.","Announcement"
"Employee of the Month","Congratulations to Jane Doe, our Employee of the Month! Jane's hard work and dedication have been exemplary. Please join us in celebrating her achievements.","Announcement"
"Company Milestone Reached","We are thrilled to announce that we have reached a significant milestone of 10 years in business. Thank you to everyone who has been a part of our journey.","Announcement"
"Upcoming Company Picnic","Join us for the annual company picnic on July 15th at Central Park. It’s a great opportunity to relax and socialize with your colleagues.","Announcement"
"Product Launch Event","We are excited to announce the launch of our new product, the SmartTech Gadget. Join us for the launch event on July 20th to learn more.","Announcement"
"Office Renovation Project","We are beginning an office renovation project next month to improve our workspace environment. Details and schedule are provided in the attached document.","Announcement"
"Health and Safety Initiatives","We are implementing new health and safety initiatives starting next quarter. Please review the attached document for details on the new protocols.","Announcement"
"Charity Fundraising Event","We are hosting a charity fundraising event on August 10th to support local communities. We invite all employees to participate.","Announcement"
"Annual General Meeting","The Annual General Meeting will be held on August 25th. Please mark your calendars. Important decisions will be discussed, and your attendance is encouraged.","Announcement"
"New Leadership Team Member","We are pleased to announce that John Smith has joined our leadership team as the new Chief Financial Officer. Welcome aboard, John!","Announcement"
"Quarterly Performance Review","The quarterly performance review meeting will be held on July 5th. Managers are requested to schedule individual sessions with their teams.","Announcement"
"New Partnership Announcement","We are excited to announce a new partnership with XYZ Corp to enhance our product offerings. More details will be shared soon.","Announcement"
"Training Session Update","We have scheduled additional training sessions next month. Please check the training portal for available dates and topics.","Announcement"
"Company Policy Updates","Please be aware of the recent updates to company policies. The details are outlined in the attached document. Compliance is required.","Announcement"
"Environmental Responsibility Commitment","We are reaffirming our commitment to environmental responsibility with new sustainability goals. Details are included in the attached announcement.","Announcement"
"Employee Survey Results","We have compiled the results from the recent employee survey. Key findings and action plans are shared in the attached document.","Announcement"
"Holiday Office Hours","Please note the office hours during the upcoming holidays. Adjustments have been made to accommodate the festive season.","Announcement"
"New Product Features","We are excited to announce new features in our product lineup, designed to enhance user experience. Join us for a demo on July 18th.","Announcement"
"End of Year Review Meeting","The end-of-year review meeting is scheduled for December 15th. Please prepare your reports and presentations accordingly.","Announcement"
"Security Update Notification","We will be implementing security updates on our systems. Please review the changes to ensure compliance with the latest security standards.","Announcement"
"Community Service Initiative","We are launching a community service initiative and encourage all employees to participate in upcoming volunteer opportunities.","Announcement"
"Support Ticket #12345 Update","Your support ticket #12345 has been updated. Please log in to your account to view the latest status and actions taken.","Support"
"New Support Resources Available","We have added new resources to our support portal. Please visit the support section for guides, FAQs, and video tutorials.","Support"
"Scheduled Maintenance Notification","Scheduled maintenance will be taking place on our systems from 2 AM to 4 AM on July 10th. Some services may be temporarily unavailable.","Support"
"Customer Support Training","Our customer support team has completed additional training to enhance the service quality. We are committed to improving your experience.","Support"
"FAQs Updated","The frequently asked questions section has been updated. Please review the new FAQs to find answers to common inquiries.","Support"
"Your Feedback Matters","We value your feedback. Please take a moment to complete our customer satisfaction survey to help us improve our services.","Support"
"Temporary Support Hours Change","Please note that our support hours will be temporarily changed to 9 AM to 5 PM due to company-wide training on July 12th.","Support"
"Support Chat Now Available","We have launched a new support chat feature on our website. Get instant help and answers to your questions in real time.","Support"
"Support Case Resolved","Your support case #12345 has been resolved. Thank you for your patience. Please contact us if further assistance is needed.","Support"
"Maintenance Window Extended","The maintenance window for our systems has been extended until 6 AM on July 11th. We apologize for any inconvenience caused.","Support"
"Account Verification Reminder","Please verify your account information to ensure uninterrupted service. Log in to your account to complete the verification process.","Support"
"Extended Support Services","We are now offering extended support services to better meet your needs. Details are available on our support page.","Support"
"Product Support Webinars","Join our upcoming webinars to learn more about our products and how to maximize their functionality. Registration details are on our website.","Support"
"Support Portal Upgrade","We are upgrading our support portal to improve your user experience. Some features may be temporarily unavailable during the upgrade.","Support"
"Emergency Contact Information","Please update your emergency contact information in your account settings to ensure you receive important updates promptly.","Support"
"Service Availability Update","Service availability will be improved with our upcoming updates. Please check our website for the latest status on service operations.","Support"
"Support Policy Changes","Please review the changes to our support policies outlined in the attached document. These changes are effective immediately.","Support"
"User Guide Revision","The user guide for our product has been revised to include new features and troubleshooting tips. Download the latest version from our support site.","Support"
"Contacting Support After Hours","For urgent issues outside of normal support hours, please refer to our after-hours contact guidelines on our website.","Support"
"Software Update Support","We are available to assist with software updates. Please contact support for help with updating your software to the latest version.","Support"
"Support Ticket Escalation Process","We have updated our support ticket escalation process to ensure faster resolution of critical issues. Details are available in the support documentation.","Support"
"Registration Confirmation","Thank you for registering for the upcoming seminar. Your registration number is #4567. Please keep this for your records.","Registration"
"Event Registration Open","Registration is now open for the annual conference. Reserve your spot today as spaces are limited. Details and link to register are included.","Registration"
"Workshop Enrollment Complete","You have successfully enrolled in the workshop on time management. Please find the workshop materials attached.","Registration"
"Early Bird Registration Ending Soon","Hurry, early bird registration for the product launch event ends in 3 days. Sign up now to take advantage of the discounted rate.","Registration"
"Registration Reminder","This is a reminder to complete your registration for the upcoming workshop on digital marketing strategies. Don't miss out!","Registration"
"Thank You for Registering","Thank you for registering for our online course. Your login details are provided below for access to the course materials.","Registration"
"Registration Confirmation - Webinar","You are registered for the upcoming webinar on cybersecurity trends. A confirmation email with access details will follow.","Registration"
"Limited Seats Available","Seats are filling up fast for the leadership training session. Register now to secure your place.","Registration"
"Change in Registration Details","Please review your registration details for the networking event and update them if necessary. Click here to make changes.","Registration"
"Waitlist Notification","You have been added to the waitlist for the photography workshop. We will notify you if a spot becomes available.","Registration"
"Online Course Registration Open","Registration is now open for our new online course. Enroll today to start learning at your own pace.","Registration"
"Confirmation of Class Registration","Your registration for the painting class has been confirmed. Please see the attached document for class schedules and materials.","Registration"
"Registration for Certification Exam","You are registered for the project management certification exam. Please review the exam details attached.","Registration"
"Event Registration Closed","Registration for the annual general meeting is now closed. Please contact our support team for further inquiries.","Registration"
"Discounted Rates for Early Registration","Take advantage of early registration discounts for our upcoming health and wellness retreat. Register now for the best rates.","Registration"
"Reminder: Payment Required for Registration","Please complete your payment to confirm your registration for the business strategy seminar. Payment instructions are attached.","Registration"
"Post-Event Registration Survey","Thank you for attending our event. Please take a few minutes to complete the registration survey to help us improve future events.","Registration"
"New Registration Policy","Please review the new registration policy for all upcoming events. Understanding these changes will help ensure smooth registration processes.","Registration"
"Confirmation of Event Registration","Your registration for the environmental sustainability conference has been confirmed. Details regarding the event schedule are attached.","Registration"
"Change in Event Date","Please note the change in date for the conference. The new date and time are included in the attached document. Update your calendar accordingly.","Registration"
"Virtual Event Registration Details","You are registered for the virtual summit. Please check your email for the login instructions and agenda.","Registration"
"Monthly Sales Report","Attached is the monthly sales report for June. Please review the performance metrics and provide your feedback.","Report"
"Quarterly Financial Summary","The quarterly financial summary for Q2 is now available. Please review the attached document for detailed financial analysis.","Report"
"Project Status Update","Please find the project status update report for the ongoing development projects. This report covers the progress and current milestones.","Report"
"Annual Performance Review","The annual performance review report is available for all departments. Please access the report via the company portal.","Report"
"Compliance Report 2024","The compliance report for 2024 is attached. It includes details on regulatory compliance and adherence to industry standards.","Report"
"Employee Productivity Report","The latest employee productivity report has been compiled. Please review the attached data to assess team performance.","Report"
"Customer Satisfaction Survey Results","Attached are the results from the recent customer satisfaction survey. Insights from this report will guide our service improvements.","Report"
"IT System Audit Report","The IT system audit report for the last quarter is available. Please review the findings and action items in the attached document.","Report"
"Marketing Campaign Performance Report","The marketing campaign performance report provides insights into the effectiveness of recent campaigns. Please find the details in the attached file.","Report"
"R&D Progress Report","The research and development progress report outlines recent innovations and projects. Please review the attached document for more details.","Report"
"Supply Chain Analysis Report","Attached is the supply chain analysis report, which reviews the efficiency and challenges within our supply chain operations.","Report"
"Product Quality Report","The product quality report for Q2 is now available. Please review the data on product defects and quality metrics.","Report"
"Environmental Impact Report","The environmental impact report details our efforts and progress in sustainability initiatives. Please review the attached document.","Report"
"IT Security Assessment Report","The IT security assessment report highlights the vulnerabilities and the measures taken to enhance security. Please review the findings.","Report"
"Budget Allocation Report","Attached is the budget allocation report for the upcoming fiscal year. Please review the allocations for your department.","Report"
"Market Analysis Report","The market analysis report provides insights into current market trends and competitive analysis. Please review the attached document.","Report"
"Health and Safety Compliance Report","The health and safety compliance report covers our adherence to safety standards and recent incidents. Please review the attached findings.","Report"
"Training Effectiveness Report","The training effectiveness report evaluates the impact of recent training programs on employee performance. Please find the details in the attached file.","Report"
"Project Financials Report","Attached are the financials for current projects, including expenses, budgets, and forecasts. Please review the attached document.","Report"
"Risk Management Report","The risk management report outlines potential risks and mitigation strategies. Please review the attached document for more information.","Report"
"Operational Efficiency Report","The operational efficiency report analyzes the efficiency of our processes and identifies areas for improvement. Please review the attached file.","Report"
